id,firstname,lastname,age
1,Dominic,Stevens,39
2,Lizzie,Holloway,65
3,Lou,Torres,42
4,Evan,Parker,56
5,Arthur,Colon,20
6,Georgie,Alvarado,20
7,Marion,Neal,61
8,Victor,White,43
9,Bruce,Lee,44
10,Rodney,Pena,33
11,Hunter,Doyle,33
12,Edgar,Murphy,43
13,Jackson,Freeman,35
14,Douglas,Medina,45
15,Adelaide,Duncan,65
16,Sam,George,19
17,Katherine,Houston,59
18,Manuel,Lambert,62
19,Bess,Ray,53
20,Katherine,Larson,31
21,Ryan,Cunningham,24
22,Victoria,Strickland,29
23,Calvin,Cummings,31
24,Adele,White,46
25,Inez,Morrison,64
26,Ray,Garrett,61
27,Lois,Russell,26
28,Janie,Alvarado,60
29,Eunice,Gross,53
30,Violet,Hernandez,30
31,Robert,Schultz,43
32,Olivia,Padilla,59
33,Edwin,Haynes,35
34,Sallie,Hernandez,47
35,Pearl,Houston,34
36,Henry,Lindsey,42
37,Ina,Page,57
38,Fannie,Washington,58
39,Christine,Young,46
40,Larry,French,28
41,Adeline,Miles,41
42,Tyler,Beck,27
43,Alberta,Rodriguez,35
44,Randall,Tran,61
45,Hallie,King,57
46,Lela,Griffith,39
47,Myra,Black,43
48,Tommy,Snyder,57
49,Adele,Wallace,49
50,Cody,Copeland,58
51,Mittie,Ellis,29
52,Elsie,Craig,57
53,Richard,Meyer,62
54,Austin,Brewer,32
55,Samuel,Nash,53
56,William,Beck,62
57,Stephen,Reed,43
58,Viola,Carter,65
59,Mina,Ingram,26
60,Seth,Robbins,32
61,Hulda,Washington,26
62,Clifford,Richards,36
63,Dean,Baker,42
64,Rosetta,Manning,28
65,Brett,Sandoval,54
66,Maggie,Weber,63
67,Melvin,Potter,32
68,John,Garza,22
69,Martin,Silva,46
70,Joshua,Jordan,22
71,Caroline,Bradley,33
72,Bruce,Freeman,63
73,Frank,Hines,40
74,Jeff,Norris,26
75,Nellie,Gonzalez,53
76,Jack,Cole,24
77,Leo,Underwood,27
78,Todd,McBride,62
79,Ronald,Ford,27
80,Gordon,Fowler,59
81,Micheal,Cummings,37
82,Cora,Tate,35
83,Mary,Spencer,51
84,Gary,Wilson,26
85,Nora,Nunez,64
86,Gregory,Greene,50
87,Francis,Byrd,28
88,Joshua,Morales,41
89,Lloyd,Pena,20
90,Sadie,Francis,21
91,Ellen,Leonard,44
92,Eric,Drake,44
93,Marian,Baker,52
94,Andre,French,36
95,Olive,Mendez,44
96,Alejandro,Howell,24
97,Landon,McBride,38
98,Isabelle,Sims,29
99,Virginia,Wong,65
100,Inez,Douglas,40
101,Marcus,Norton,62
102,Victoria,Flores,58
103,Addie,Townsend,27
104,Ricardo,Arnold,29
105,Victor,Gross,44
106,Mike,Munoz,62
107,Derek,Brooks,21
108,Mabelle,Herrera,18
109,Eliza,Boone,61
110,Beulah,Ramsey,32
111,Landon,Wagner,56
112,Bernard,Hudson,23
113,Theodore,Phillips,51
114,Ruby,Shaw,31
115,Millie,Chambers,45
116,Etta,Shaw,18
117,Harry,Gardner,49
118,Dean,Waters,45
119,Rebecca,Carr,25
120,Lois,Collins,60
121,Mamie,Douglas,21
122,Maude,Perry,44
123,Jacob,Walton,22
124,Viola,Robinson,57
125,Mable,Lindsey,31
126,Ronald,White,51
127,Eunice,Oliver,55
128,Olivia,Cain,21
129,Hilda,Taylor,24
130,Albert,Welch,19
131,Eugenia,Moss,40
132,Thomas,Benson,39
133,Isaiah,Lyons,65
134,Lucy,Berry,36
135,Howard,McCarthy,31
136,Tommy,Hoffman,50
137,Christopher,Carson,34
138,Minerva,Conner,30
139,Adrian,Sutton,58
140,Cody,Flores,36
141,Shane,Nguyen,48
142,Adam,Ortiz,22
143,Kathryn,Morales,46
144,Adele,Graves,62
145,Hilda,Gray,27
146,Violet,Ortiz,27
147,Helena,Cunningham,19
148,Bradley,Nichols,60
149,Katherine,Cruz,34
150,Ronald,Roy,53
151,Clarence,Holmes,25
152,Timothy,Hines,65
153,Katharine,Hanson,51
154,Charlie,Rogers,40
155,Violet,Hansen,30
156,Julian,Parker,47
157,Calvin,Harrison,58
158,Lena,Maldonado,40
159,Gertrude,Harper,59
160,Harry,Richardson,41
161,Isabel,Dean,22
162,Laura,Mills,47
163,Kevin,Warren,31
164,Roy,Bridges,42
165,Dustin,Bryan,62
166,Edwin,Bowers,39
167,Cole,Frazier,49
168,Iva,Kelley,49
169,Elmer,Medina,20
170,Robert,Morrison,41
171,Lula,Brewer,22
172,Alan,Obrien,52
173,Lizzie,Floyd,44
174,Charles,Nash,37
175,Isaiah,Ramsey,44
176,Manuel,Cook,49
177,Nannie,McLaughlin,64
178,Austin,Nunez,25
179,Isabel,Potter,25
180,Edna,Stanley,64
181,Leon,Salazar,59
182,Virginia,Doyle,52
183,Francis,Stokes,62
184,Paul,Glover,36
185,Isabelle,Holland,45
186,Herman,Mendoza,47
187,Anthony,James,65
188,Clifford,Moore,63
189,Jennie,Mills,26
190,Mina,Collier,31
191,Chris,Lyons,29
192,Agnes,Lindsey,33
193,Rodney,Holt,63
194,Jayden,Curtis,57
195,Jane,Medina,40
196,Eunice,Scott,32
197,Genevieve,Gregory,43
198,Hattie,King,46
199,Joseph,Cole,57
200,Clifford,Gibson,51
201,Raymond,Santiago,38
202,John,Marshall,34
203,Kenneth,McCarthy,25
204,Edgar,Wilkerson,47
205,Polly,Ferguson,54
206,Eric,Woods,30
207,Michael,Peters,34
208,Jeanette,Klein,24
209,Hettie,Mitchell,19
210,Glen,White,31
211,Christine,Owens,51
212,Jeff,Maldonado,33
213,Maude,Kennedy,33
214,David,Craig,53
215,Lola,Barrett,31
216,Paul,White,37
217,Louisa,Walker,57
218,Mary,Cortez,41
219,Jim,Allen,48
220,Sophia,McLaughlin,41
221,Andre,Craig,51
222,Iva,Manning,40
223,Lina,Chambers,35
224,Ollie,Poole,35
225,Nancy,Gray,42
226,Jackson,Arnold,18
227,Gavin,Ellis,42
228,Alejandro,Stephens,20
229,Duane,Mendez,24
230,Jon,Brock,24
231,Nora,Quinn,39
232,Jimmy,Freeman,42
233,Mable,Hunt,65
234,Lelia,Chambers,30
235,Nathaniel,Joseph,53
236,Rena,Christensen,35
237,Susan,Caldwell,49
238,Josie,Richards,23
239,Joshua,Todd,54
240,Millie,Cain,63
241,Antonio,Powers,21
242,Robert,Sullivan,22
243,Clarence,Arnold,30
244,Ethel,Carlson,34
245,Mollie,Phelps,30
246,Martha,Maxwell,64
247,Lucile,Holt,43
248,Maud,Bradley,18
249,Bessie,Norton,44
250,Hunter,Austin,31
251,Warren,Estrada,61
252,Victor,Henry,35
253,Harriet,Paul,50
254,Rosie,Rodriquez,18
255,Samuel,Porter,23
256,Winifred,Morales,53
257,Ricky,Cunningham,19
258,Anthony,Harrison,21
259,Clarence,Anderson,61
260,Katherine,Blair,38
261,Irene,Cross,59
262,Leonard,Burgess,50
263,Cora,Cooper,65
264,Micheal,Collier,39
265,Rodney,Sherman,26
266,Don,Santos,42
267,Lulu,Benson,63
268,Carrie,Norton,47
269,Cornelia,French,20
270,Ruby,Wise,23
271,Phillip,Warner,24
272,Joe,Stevenson,54
273,Arthur,Peterson,26
274,Timothy,Hanson,39
275,Sarah,Stewart,39
276,Julian,Obrien,60
277,Delia,Thompson,42
278,Nathan,Long,29
279,Floyd,Pierce,61
280,Eliza,Stevens,23
281,Laura,Crawford,45
282,Glenn,Zimmerman,33
283,Isabel,Cain,32
284,Clyde,Peters,18
285,Jeremiah,Carpenter,30
286,Harry,Clayton,59
287,Lola,Lindsey,28
288,Ruth,Murphy,60
289,Hattie,Miles,49
290,Teresa,McBride,46
291,Helen,Benson,63
292,Ethan,Simpson,22
293,Steven,Brock,26
294,George,Wright,63
295,Scott,Mullins,53
296,Jon,Graham,53
297,Joseph,Marsh,39
298,Leah,Gibbs,39
299,Amanda,Lane,21
300,Gene,Mills,55
301,Bill,Caldwell,21
302,Alexander,Farmer,57
303,Mary,Greene,63
304,Jean,Patterson,24
305,Rose,Huff,38
306,Benjamin,Lyons,49
307,Dora,Green,60
308,Sadie,Brooks,43
309,Rosa,Fox,52
310,Amelia,Lee,63
311,Elijah,Lawson,48
312,Ivan,McDaniel,39
313,Edward,Powell,37
314,Willie,Hunt,56
315,Derek,Wilkins,48
316,Keith,Turner,51
317,Nathaniel,Patterson,36
318,Bettie,Turner,47
319,Barry,Brady,59
320,Georgia,Berry,18
321,Rebecca,Parker,29
322,Lydia,Jimenez,20
323,Keith,Andrews,22
324,Kathryn,Mendez,55
325,Derrick,Garner,44
326,Lucinda,Parker,34
327,Lewis,Newton,56
328,Virginia,Fernandez,55
329,Elva,Schneider,21
330,Sadie,Perez,54
331,Delia,Kim,21
332,Isabel,Nunez,44
333,Lenora,Griffin,24
334,Alberta,Hall,59
335,Katherine,Bates,48
336,Hannah,Cross,57
337,Georgia,Reese,65
338,Carlos,Banks,60
339,Max,Jones,49
340,Tom,Hayes,34
341,Ricardo,Mendez,33
342,Louisa,Fowler,43
343,Dorothy,Hunter,57
344,Lelia,Cannon,65
345,Etta,Rice,64
346,Gavin,Morales,58
347,Gordon,Bell,29
348,Lucille,Dunn,44
349,Fanny,Rice,65
350,Linnie,Reed,55
351,Bertie,Flores,47
352,Sue,Welch,21
353,Jack,Brock,55
354,Lenora,Gill,51
355,Sally,Bridges,18
356,Gary,Washington,62
357,Shane,Garcia,40
358,Ruth,Kennedy,62
359,Elsie,Fowler,60
360,Eliza,Holmes,45
361,Maud,Powers,45
362,Myrtie,Gross,59
363,Warren,Rose,41
364,Mable,Munoz,26
365,Dylan,Green,57
366,Mitchell,Carlson,20
367,Charlotte,Mathis,65
368,Fannie,Stevens,44
369,Irene,Powers,31
370,Jesse,Cole,64
371,Edith,Ward,63
372,May,Beck,46
373,Steven,Wade,18
374,Jim,Martinez,48
375,Cecilia,Carroll,52
376,Terry,Griffin,49
377,Bettie,Mendez,58
378,Cameron,Arnold,29
379,Jordan,Doyle,49
380,Rhoda,Lindsey,47
381,Ada,Banks,46
382,Philip,Martin,45
383,Sara,Park,19
384,Raymond,Adams,27
385,Mayme,Hunter,39
386,Mayme,Sparks,30
387,Olivia,Santiago,40
388,Maria,Palmer,56
389,Keith,Lloyd,64
390,George,Wong,49
391,Ernest,Brown,20
392,Beulah,Clayton,65
393,Lillian,Phillips,54
394,Eunice,Weber,55
395,Rachel,Bridges,64
396,Adelaide,Marsh,36
397,Caleb,Garrett,23
398,Amy,Salazar,49
399,Isabella,Wright,62
400,Claudia,Hart,43
401,Minnie,Shelton,39
402,Eugene,Roy,46
403,Ronald,Bowen,45
404,Chris,Soto,30
405,Lura,Reynolds,59
406,Leo,Boyd,65
407,Jimmy,Kennedy,34
408,Thomas,Aguilar,65
409,Mollie,Howard,30
410,Jack,Spencer,44
411,William,Perkins,51
412,Lucile,Little,23
413,Virgie,McBride,28
414,Abbie,Cruz,23
415,Bertie,Bowen,51
416,Chester,Butler,30
417,Lillie,Klein,61
418,Ada,Jimenez,32
419,Tom,Franklin,50
420,Hannah,Smith,55
421,Edith,Vargas,51
422,Mike,Green,43
423,Carrie,Kelley,64
424,Gregory,Webster,36
425,Jesse,Fuller,41
426,Lena,Ellis,53
427,Marion,Tate,57
428,Katherine,Morton,28
429,Janie,Clarke,36
430,Lee,Rogers,25
431,Verna,Nguyen,64
432,Benjamin,Fowler,44
433,Roger,McDaniel,38
434,Catherine,McKenzie,53
435,Marie,Murphy,27
436,Tillie,Reynolds,65
437,Milton,Carlson,37
438,Luke,Jackson,59
439,Gary,Scott,59
440,Evelyn,Ballard,61
441,Jim,Fields,36
442,Pearl,Romero,46
443,Viola,Mendez,19
444,Lura,Baker,43
445,Nettie,Burke,21
446,Bernice,Spencer,20
447,Paul,Mitchell,19
448,Elijah,Wilson,61
449,Lucinda,Lowe,58
450,Barbara,Kennedy,60
451,William,Walters,50
452,Nina,Padilla,34
453,Garrett,Thompson,56
454,Eric,Woods,62
455,Kevin,Parks,35
456,Sophie,Malone,18
457,Randy,Williamson,32
458,Ivan,Reyes,34
459,Curtis,Francis,30
460,Victor,Dunn,46
461,Marguerite,Young,59
462,Scott,Bowers,48
463,Lida,Hodges,59
464,Lucile,Mathis,62
465,Emma,Powell,43
466,Vernon,Ward,51
467,Elsie,Ross,19
468,Phoebe,Andrews,28
469,Michael,Webster,45
470,Bobby,Davis,58
471,Lula,Allison,40
472,Ophelia,Waters,27
473,Carl,Meyer,62
474,Daniel,Keller,31
475,Vernon,Thornton,61
476,Noah,Stewart,53
477,Kevin,Hunter,55
478,Christina,Wagner,29
479,Christian,Medina,39
480,Bettie,Moreno,54
481,Gene,Benson,48
482,Lucinda,Davis,31
483,Rebecca,Brewer,52
484,Francis,Reid,40
485,Peter,Murphy,23
486,Calvin,Frank,65
487,Lillie,Briggs,34
488,Arthur,Haynes,57
489,Roger,Walsh,30
490,Louis,Ball,48
491,Clarence,Burns,61
492,Cora,Cross,59
493,Charlotte,Rogers,33
494,Vera,Bradley,36
495,Cecilia,Singleton,19
496,Matilda,Yates,56
497,Marion,Diaz,23
498,Samuel,Swanson,55
499,Olivia,Mann,31
500,Rosa,Reese,21
501,Inez,Fernandez,48
502,Randall,Adkins,27
503,Elmer,Davidson,19
504,Andrew,Lynch,35
505,Ethan,Walsh,44
506,Jon,Hardy,65
507,Cole,Yates,62
508,Harriet,Hicks,53
509,Verna,Rhodes,62
510,Robert,Scott,35
511,Mattie,Romero,44
512,Myra,Alvarez,26
513,Harriett,Franklin,26
514,Willie,Phelps,45
515,Sylvia,Clarke,63
516,Maggie,Bush,50
517,Kenneth,Hines,51
518,Sally,McGee,36
519,Marian,Romero,24
520,Jimmy,Spencer,61
521,Austin,Newton,24
522,Myra,Santiago,19
523,Cameron,McDaniel,65
524,Jeremy,Schultz,50
525,Richard,Herrera,63
526,Elmer,Boone,18
527,Abbie,Fields,40
528,Tommy,Lawson,20
529,Herman,Burgess,41
530,Fred,Goodman,64
531,Hannah,McCarthy,53
532,Rosalie,Cooper,65
533,Jeffery,Norman,19
534,Zachary,Green,62
535,Cameron,Weber,37
536,Rose,Robbins,32
537,Ina,Mendez,50
538,Larry,Scott,22
539,Christian,Cole,18
540,Helen,Turner,27
541,Clifford,Blair,58
542,Leah,Higgins,30
543,Caleb,Hampton,28
544,Clarence,Wheeler,33
545,Edward,Little,59
546,Rebecca,Bailey,41
547,Ada,Owens,36
548,Josephine,Chavez,36
549,Theresa,Moran,42
550,Raymond,Jackson,63
551,Shane,Garcia,48
552,Lula,Wells,29
553,Willie,Jacobs,31
554,Duane,Cunningham,25
555,Caleb,Ramirez,64
556,Eleanor,Hill,29
557,Rosetta,Cohen,37
558,Nell,Spencer,61
559,Ronald,Gomez,27
560,Keith,Martinez,64
561,Isaiah,Goodman,38
562,Lelia,Shelton,53
563,Lura,Rodriquez,49
564,Alice,Bradley,35
565,Mittie,Hoffman,54
566,Rosa,Sullivan,19
567,Cora,Crawford,51
568,Ian,Woods,34
569,Corey,Wong,57
570,Philip,Stone,24
571,Terry,Owen,47
572,Francis,Zimmerman,28
573,Timothy,Drake,44
574,Sara,Fowler,37
575,Ricardo,Mullins,54
576,Daisy,Wilkins,34
577,Laura,Woods,44
578,Winnie,Howell,21
579,Earl,Howard,22
580,Olga,Bailey,20
581,Nannie,Silva,22
582,Devin,Palmer,57
583,Lulu,Matthews,38
584,Harriet,Carlson,55
585,Cameron,Bowers,53
586,Austin,Bowers,59
587,Alice,Chavez,54
588,Mark,Sims,18
589,Paul,Benson,55
590,Harry,Harrington,24
591,Millie,Brooks,53
592,Nell,Snyder,45
593,Jesus,Brooks,56
594,Irene,Harper,50
595,Raymond,Hansen,62
596,Allen,Moore,22
597,Martin,Clarke,53
598,John,Lucas,51
599,Blake,Banks,64
600,Blanche,Day,57
601,Marvin,Mason,19
602,Daisy,Munoz,40
603,Aaron,Alexander,27
604,Harold,Cobb,60
605,Eunice,Lamb,59
606,Mary,Wallace,41
607,Lettie,Stephens,59
608,Chase,Rivera,37
609,George,Alvarado,55
610,Eric,Ellis,22
611,Ella,Hubbard,29
612,Lydia,Norton,41
613,Eliza,Patton,38
614,Cecelia,Bennett,47
615,Lettie,Sandoval,36
616,Mitchell,Allen,38
617,Louisa,Fernandez,47
618,Jeffrey,Haynes,19
619,Olivia,Elliott,42
620,Alfred,Clarke,18
621,Todd,Lowe,26
622,Phoebe,Johnson,40
623,Ophelia,Thomas,31
624,Barry,Jones,41
625,Wayne,Schneider,41
626,Charles,Walsh,56
627,Elsie,Kelley,24
628,Marie,Luna,42
629,William,Gross,54
630,Jane,Williams,60
631,Lela,Wright,64
632,Olivia,Knight,50
633,Franklin,Jordan,46
634,Herbert,Barnes,37
635,Lizzie,Townsend,45
636,Eunice,Gill,22
637,Clyde,Horton,27
638,Harry,Lewis,43
639,Earl,Flowers,54
640,Ivan,Hanson,37
641,Linnie,Ferguson,49
642,Maggie,West,34
643,Ollie,Poole,38
644,Jesse,Manning,18
645,Violet,Sullivan,52
646,Ora,Vasquez,51
647,Elijah,Kelley,38
648,Rebecca,Watson,35
649,Cecelia,Kim,44
650,Chad,Bush,46
651,Eric,Chambers,55
652,Floyd,Blair,38
653,Clara,Lloyd,40
654,Philip,Goodman,53
655,Todd,Ward,23
656,Peter,Jenkins,47
657,Sallie,Adams,40
658,Etta,Lyons,27
659,Bernice,Martin,23
660,Owen,Lindsey,54
661,Louis,Hart,26
662,Emily,Reid,55
663,Katharine,Day,24
664,Barry,Delgado,61
665,Polly,Foster,54
666,Jesus,Gonzalez,32
667,Albert,Strickland,52
668,Juan,Lewis,57
669,Julia,Rogers,18
670,Gabriel,Pittman,35
671,Russell,Norris,53
672,Rosa,Jennings,58
673,Viola,Gross,59
674,Catherine,Stanley,35
675,Terry,Haynes,45
676,Leroy,Brooks,50
677,Corey,Mann,56
678,Marcus,Alexander,65
679,Mark,Ballard,25
680,Katie,Stewart,54
681,Stella,Morrison,30
682,Irene,Gregory,38
683,Ian,Roberson,28
684,Elmer,Brock,47
685,Caroline,Hodges,60
686,Richard,Barnes,61
687,Luke,Cole,61
688,Stella,Russell,60
689,Virgie,Jennings,48
690,Flora,Quinn,44
691,Stephen,Pearson,26
692,Ethan,Richards,31
693,Aiden,Roberson,22
694,Philip,Bowers,50
695,Victoria,Owens,46
696,Adam,Newman,34
697,Lucile,Hopkins,35
698,Rose,Castillo,37
699,Henrietta,Townsend,46
700,Lena,Ballard,34
701,Vernon,Olson,25
702,Leroy,Daniels,64
703,Mike,Parsons,53
704,Stanley,Leonard,56
705,Christina,McLaughlin,57
706,Ella,Rodriquez,31
707,Calvin,Morales,29
708,Lester,Poole,33
709,Mattie,Terry,32
710,Victor,Oliver,29
711,Betty,Chambers,54
712,Evan,Murphy,40
713,Gavin,Bennett,64
714,Marvin,Campbell,61
715,Roxie,Holland,43
716,Joe,Lynch,57
717,William,Washington,34
718,Caleb,Parks,56
719,Genevieve,Walters,60
720,Devin,Johnson,39
721,Brent,Schneider,47
722,Lola,Crawford,24
723,Cynthia,Anderson,41
724,Derrick,Schultz,32
725,Howard,Walton,29
726,Ann,Mills,29
727,Bertha,Mathis,29
728,Noah,Reid,36
729,Martin,Hernandez,45
730,Glen,Dixon,41
731,Eugenia,Dean,46
732,Elizabeth,Perry,42
733,Rena,Martinez,21
734,Lizzie,Lawrence,40
735,Nettie,Thornton,42
736,Maria,Vargas,42
737,Christopher,Lambert,35
738,Cora,Haynes,55
739,Iva,Saunders,54
740,Mattie,Sanchez,27
741,Brian,Harris,58
742,Rosetta,Sullivan,53
743,Curtis,Cruz,53
744,Lucinda,Hines,53
745,Tommy,Carson,29
746,Birdie,Jordan,65
747,Jeanette,Wright,42
748,Ida,Gross,56
749,Hilda,Sparks,18
750,Minnie,Peterson,43
751,Harriet,Burns,59
752,Joel,Olson,26
753,Rena,Black,33
754,Edith,Clark,42
755,Jason,Bryan,38
756,Milton,Boone,22
757,Emma,Sullivan,51
758,Emma,Morris,61
759,Willie,Phelps,35
760,Adele,Osborne,32
761,Emily,Curtis,34
762,Mollie,Kennedy,59
763,Caroline,Ellis,47
764,Timothy,Boone,33
765,Benjamin,Walton,35
766,Nancy,Wood,65
767,Eleanor,Wong,27
768,Martin,Estrada,30
769,Vernon,Carson,56
770,Sophie,Holloway,65
771,Bessie,Medina,41
772,Leo,Pena,53
773,Howard,Sharp,63
774,Lura,George,26
775,Hallie,French,48
776,Brent,Pierce,43
777,Frederick,Summers,63
778,Brian,Maldonado,27
779,Brian,Brewer,21
780,Winifred,Wade,26
781,Loretta,Parker,39
782,Dustin,Bush,41
783,Tony,Carson,33
784,Jose,Hodges,49
785,Belle,Moss,65
786,Alex,Holland,40
787,Lulu,Barton,37
788,Nina,Schneider,62
789,Fred,Patrick,52
790,Cordelia,Glover,46
791,Jesse,Park,49
792,Hester,Osborne,47
793,Isaiah,Roberson,58
794,Owen,Simmons,63
795,Henry,Swanson,33
796,Mark,Hammond,53
797,Randall,Robbins,47
798,Della,Schmidt,37
799,Delia,Lopez,33
800,Willie,Garner,44
801,Emilie,Keller,20
802,Minnie,Patton,55
803,Madge,Guzman,23
804,Alexander,Higgins,32
805,Ray,Francis,28
806,Essie,Quinn,37
807,Danny,Hamilton,18
808,Frederick,Hardy,47
809,Millie,Thornton,53
810,Laura,Roy,41
811,Erik,Byrd,59
812,Wayne,Fernandez,40
813,Winnie,Clarke,58
814,Raymond,Jenkins,62
815,Jennie,Silva,62
816,Clarence,Norris,45
817,Jackson,Burns,18
818,Garrett,Wilson,59
819,Bettie,Robbins,51
820,Sadie,McDaniel,43
821,Marguerite,Saunders,24
822,Lydia,Maxwell,52
823,Flora,Ramirez,64
824,Cecelia,Wright,46
825,Trevor,Norris,49
826,Bryan,Wells,29
827,Dustin,Gill,65
828,Estella,Bradley,25
829,Mollie,Phillips,30
830,Warren,Caldwell,23
831,Jackson,Phelps,41
832,Beatrice,Mann,44
833,Jessie,Cruz,35
834,Juan,Holland,54
835,Polly,Dean,31
836,Gussie,Harrison,43
837,Max,Guzman,35
838,Lee,Barnes,58
839,Emma,Hunt,63
840,Della,Thornton,37
841,Adeline,Pratt,35
842,Noah,Kelley,37
843,Henry,Spencer,53
844,Sallie,Garcia,44
845,Troy,Todd,45
846,Cody,Lyons,37
847,Randy,Walton,35
848,Don,Dean,62
849,Verna,Sims,18
850,Austin,Rios,32
851,Garrett,McBride,44
852,Susan,May,51
853,Paul,Flowers,23
854,Minerva,Stewart,42
855,Eugenia,Brewer,27
856,Landon,Mann,37
857,Allie,Porter,48
858,Albert,Terry,57
859,Frances,Cole,58
860,Nathan,Vega,34
861,Dennis,Johnson,44
862,Ryan,Miller,24
863,Addie,Barton,57
864,Arthur,Becker,45
865,Mason,Hunt,38
866,Bessie,Porter,34
867,Ivan,Warner,46
868,Michael,Santiago,58
869,Brandon,Walton,24
870,Rosie,Snyder,55
871,Edward,Russell,46
872,Charlie,Sims,32
873,Gavin,Gilbert,64
874,Darrell,Peterson,24
875,Sallie,Gill,29
876,Virginia,Strickland,40
877,Vincent,Bush,18
878,Maude,Carlson,42
879,Sallie,Dean,51
880,Lela,Hardy,60
881,Ricardo,Ortega,33
882,Jordan,Porter,34
883,Steve,Wong,59
884,Gabriel,Luna,33
885,Winnie,Norman,47
886,Wayne,Ball,57
887,Brent,Townsend,39
888,Jesse,Owen,59
889,Sallie,Woods,42
890,Nettie,Weaver,47
891,Wayne,Dawson,46
892,Anthony,Higgins,51
893,Minerva,Griffith,22
894,William,Richardson,18
895,Bryan,Parks,42
896,Warren,Bowers,19
897,Isabella,King,59
898,Gussie,Watson,58
899,Gordon,Hicks,21
900,Nora,Rodgers,26
901,Amanda,Olson,59
902,Annie,Tran,54
903,Lucy,Snyder,56
904,Eugenia,Pope,32
905,Cordelia,Bowman,45
906,Cole,Ortega,52
907,Kenneth,Schultz,41
908,Belle,Newton,40
909,Ollie,Burke,22
910,Elnora,Rose,65
911,Martin,Rogers,51
912,Mildred,Arnold,28
913,Kate,Cross,64
914,Nina,Adams,40
915,Francis,Simon,41
916,Lulu,Hammond,55
917,Jason,Frazier,32
918,Leila,Jones,44
919,Randy,Stanley,20
920,Dennis,Ray,24
921,Dennis,Owens,36
922,Leona,Stephens,49
923,Brian,Ball,51
924,Rhoda,Larson,41
925,Kathryn,Gross,32
926,Sally,Welch,54
927,Cordelia,Clark,59
928,Fannie,McCormick,44
929,Adam,Davis,44
930,Lina,Sharp,32
931,Jesus,Morales,57
932,Etta,Ramos,35
933,Jessie,Wilkerson,18
934,Alfred,Underwood,37
935,Cecelia,Gibbs,61
936,Joe,Tate,21
937,Richard,McCarthy,45
938,Clyde,Wagner,25
939,Leo,Goodman,42
940,Ella,Price,43
941,Martha,Holloway,58
942,Evelyn,Warren,55
943,Sophia,Chapman,35
944,Hunter,Hall,24
945,Lena,Zimmerman,55
946,Allen,Reyes,34
947,Inez,Mendez,19
948,Landon,Burgess,29
949,Micheal,Stevens,50
950,Caleb,Simmons,59
951,Mae,McCoy,50
952,Charlotte,Weaver,40
953,Cole,Cunningham,59
954,Clifford,Hines,52
955,Polly,Vargas,26
956,Nina,Hamilton,55
957,Brent,Day,25
958,Estelle,Santiago,40
959,Victor,Gordon,53
960,Fanny,Williamson,62
961,Jesse,Tran,30
962,Louis,George,26
963,Jeremy,Vega,30
964,Julia,Rodriguez,51
965,Herbert,Harrington,29
966,Nellie,Nash,29
967,Leona,Parsons,44
968,Amanda,Phelps,21
969,Shawn,Reynolds,32
970,Alice,Simon,37
971,Sadie,Schneider,22
972,Dora,Rowe,29
973,Jesus,Sanders,59
974,Lenora,Sanders,58
975,Virgie,Sparks,58
976,Shawn,Washington,21
977,Gary,Bowers,51
978,Raymond,Munoz,51
979,Maria,Pratt,51
980,Bradley,Santos,21
981,Calvin,Lawson,53
982,Don,Parks,56
983,Andrew,Bass,34
984,Barbara,Phillips,44
985,Ola,Brown,35
986,Katherine,Ortega,59
987,Pauline,Briggs,53
988,Sophie,Bates,36
989,Lelia,Boyd,46
990,Edith,Schwartz,51
991,Gavin,Knight,47
992,Ina,Alvarado,61
993,Edgar,Lane,37
994,Ruth,Reid,54
995,Harriet,Phillips,35
996,Vernon,Brewer,38
997,Franklin,Hammond,35
998,Amy,Oliver,55
999,Susan,Cain,40
1000,Lucinda,Lane,34
